experiment,run,repetition,restoreTime [s],numberOfLazyPages,lazyPagesTxTime [s],lazyPagesTxEndTime [s]
2,1,1,"['real 0.24', 'user 0.04', 'sys 0.04']",,,
2,1,2,,,,
2,1,3,"['real 0.26', 'user 0.05', 'sys 0.03']",,,
2,1,4,"['real 0.25', 'user 0.02', 'sys 0.06']",,,
2,1,5,"['real 0.23', 'user 0.02', 'sys 0.06']",,,
2,1,6,"['real 0.24', 'user 0.02', 'sys 0.06']",,,
2,1,7,"['real 0.23', 'user 0.03', 'sys 0.05']",,,
2,1,8,"['real 0.23', 'user 0.05', 'sys 0.03']",,,
2,1,9,"['real 0.23', 'user 0.03', 'sys 0.06']",,,
2,1,10,"['real 0.24', 'user 0.02', 'sys 0.06']",,,
2,2,1,"['real 0.23', 'user 0.04', 'sys 0.04']",,,
2,2,2,"['real 0.24', 'user 0.03', 'sys 0.05']",,,
2,2,3,"['real 0.23', 'user 0.03', 'sys 0.04']",,,
2,2,4,"['real 0.25', 'user 0.04', 'sys 0.03']",,,
2,2,5,"['real 0.24', 'user 0.04', 'sys 0.05']",,,
2,2,6,"['real 0.24', 'user 0.03', 'sys 0.05']",,,
2,2,7,"['real 0.25', 'user 0.04', 'sys 0.04']",,,
2,2,8,"['real 0.24', 'user 0.03', 'sys 0.05']",,,
2,2,9,"['real 0.27', 'user 0.05', 'sys 0.02']",,,
2,2,10,"['real 0.24', 'user 0.04', 'sys 0.04']",,,
2,3,1,"['real 0.25', 'user 0.03', 'sys 0.05']",204.0,0.04446400000000003,0.260902
2,3,2,"['real 0.25', 'user 0.03', 'sys 0.05']",208.0,0.07619400000000001,0.281635
2,3,3,"['real 0.24', 'user 0.03', 'sys 0.05']",203.0,0.057515999999999984,0.257667
2,3,4,"['real 0.24', 'user 0.03', 'sys 0.05']",206.0,0.043650999999999995,0.257382
2,3,5,"['real 0.24', 'user 0.04', 'sys 0.04']",204.0,0.050559999999999994,0.257696
2,3,6,"['real 0.23', 'user 0.03', 'sys 0.05']",205.0,0.030667,0.230966
2,3,7,"['real 0.24', 'user 0.02', 'sys 0.06']",207.0,0.037452999999999986,0.232645
2,3,8,"['real 0.27', 'user 0.05', 'sys 0.02']",204.0,0.038176000000000015,0.280932
2,3,9,"['real 0.24', 'user 0.04', 'sys 0.04']",207.0,0.035674999999999985,0.242559
2,3,10,"['real 0.24', 'user 0.05', 'sys 0.03']",205.0,0.044881000000000004,0.252384
2,4,1,"['real 0.24', 'user 0.04', 'sys 0.04']",7.0,0.01739300000000002,0.234661
2,4,2,"['real 0.23', 'user 0.02', 'sys 0.05']",7.0,0.015771000000000007,0.225091
2,4,3,"['real 0.27', 'user 0.06', 'sys 0.02']",7.0,0.03921999999999998,0.260196
2,4,4,"['real 0.26', 'user 0.03', 'sys 0.05']",7.0,0.016746999999999984,0.247739
2,4,5,"['real 0.23', 'user 0.03', 'sys 0.04']",7.0,0.019191999999999987,0.217141
2,4,6,"['real 0.24', 'user 0.03', 'sys 0.05']",7.0,0.015350000000000003,0.222286
2,4,7,"['real 0.26', 'user 0.04', 'sys 0.04']",7.0,0.019785999999999998,0.247199
2,4,8,"['real 0.24', 'user 0.03', 'sys 0.05']",11.0,0.01847600000000002,0.231276
2,4,9,"['real 0.26', 'user 0.04', 'sys 0.05']",7.0,0.012758999999999993,0.239721
2,4,10,"['real 0.26', 'user 0.05', 'sys 0.03']",7.0,0.015179999999999999,0.248059
2,5,1,"['real 0.25', 'user 0.04', 'sys 0.04']",,,
2,5,2,"['real 0.24', 'user 0.03', 'sys 0.05']",,,
2,5,3,"['real 0.23', 'user 0.06', 'sys 0.03']",,,
2,5,4,"['real 0.24', 'user 0.04', 'sys 0.04']",,,
2,5,5,"['real 0.24', 'user 0.01', 'sys 0.07']",,,
2,5,6,"['real 0.22', 'user 0.03', 'sys 0.05']",,,
2,5,7,"['real 0.23', 'user 0.03', 'sys 0.05']",,,
2,5,8,"['real 0.22', 'user 0.03', 'sys 0.05']",,,
2,5,9,"['real 0.26', 'user 0.04', 'sys 0.04']",,,
2,5,10,"['real 0.23', 'user 0.03', 'sys 0.05']",,,
2,6,1,"['real 0.23', 'user 0.04', 'sys 0.05']",,,
2,6,2,"['real 0.24', 'user 0.05', 'sys 0.03']",,,
2,6,3,"['real 0.24', 'user 0.05', 'sys 0.03']",,,
2,6,4,"['real 0.22', 'user 0.04', 'sys 0.04']",,,
2,6,5,"['real 0.23', 'user 0.03', 'sys 0.05']",,,
2,6,6,"['real 0.24', 'user 0.02', 'sys 0.06']",,,
2,6,7,"['real 0.22', 'user 0.03', 'sys 0.04']",,,
2,6,8,"['real 0.26', 'user 0.03', 'sys 0.05']",,,
2,6,9,"['real 0.24', 'user 0.05', 'sys 0.04']",,,
2,6,10,"['real 0.26', 'user 0.02', 'sys 0.06']",,,
2,7,1,"['real 0.24', 'user 0.04', 'sys 0.04']",203.0,0.06138099999999999,0.262519
2,7,2,"['real 0.23', 'user 0.02', 'sys 0.05']",206.0,0.047924999999999995,0.24838
2,7,3,"['real 0.25', 'user 0.03', 'sys 0.05']",205.0,0.035286999999999985,0.23939
2,7,4,"['real 0.24', 'user 0.03', 'sys 0.06']",207.0,0.036306000000000005,0.238921
2,7,5,"['real 0.25', 'user 0.03', 'sys 0.05']",210.0,0.04041900000000004,0.259379
2,7,6,"['real 0.24', 'user 0.03', 'sys 0.05']",205.0,0.04546599999999998,0.25087
2,7,7,"['real 0.25', 'user 0.03', 'sys 0.05']",206.0,0.037329,0.249896
2,7,8,"['real 0.23', 'user 0.03', 'sys 0.05']",204.0,0.04830100000000001,0.249733
2,7,9,"['real 0.26', 'user 0.04', 'sys 0.05']",203.0,0.041061000000000014,0.263618
2,7,10,"['real 0.25', 'user 0.02', 'sys 0.06']",205.0,0.05345799999999998,0.268109
2,8,1,"['real 0.25', 'user 0.05', 'sys 0.04']",11.0,0.017436000000000007,0.233488
2,8,2,"['real 0.25', 'user 0.05', 'sys 0.03']",71.0,0.03007399999999999,0.248114
2,8,3,"['real 0.24', 'user 0.02', 'sys 0.07']",68.0,0.03867899999999999,0.247588
2,8,4,"['real 0.24', 'user 0.05', 'sys 0.04']",64.0,0.027866999999999975,0.229727
2,8,5,"['real 0.23', 'user 0.02', 'sys 0.06']",72.0,0.02793900000000002,0.239543
2,8,6,"['real 0.26', 'user 0.03', 'sys 0.06']",69.0,0.025422,0.248698
2,8,7,"['real 0.25', 'user 0.03', 'sys 0.05']",68.0,0.03009400000000001,0.251469
2,8,8,"['real 0.29', 'user 0.03', 'sys 0.05']",67.0,0.04127399999999998,0.277514
2,8,9,"['real 0.25', 'user 0.01', 'sys 0.08']",65.0,0.027791999999999983,0.254968
2,8,10,"['real 0.26', 'user 0.05', 'sys 0.03']",72.0,0.029436000000000018,0.249736
2,9,1,"['real 0.21', 'user 0.04', 'sys 0.04']",,,
2,9,2,"['real 0.31', 'user 0.04', 'sys 0.04']",,,
2,9,3,"['real 0.25', 'user 0.04', 'sys 0.04']",,,
2,9,4,"['real 0.23', 'user 0.03', 'sys 0.05']",,,
2,9,5,"['real 0.23', 'user 0.02', 'sys 0.06']",,,
2,9,6,"['real 0.25', 'user 0.04', 'sys 0.04']",,,
2,9,7,"['real 0.22', 'user 0.04', 'sys 0.04']",,,
2,9,8,"['real 0.23', 'user 0.04', 'sys 0.05']",,,
2,9,9,"['real 0.25', 'user 0.03', 'sys 0.05']",,,
2,9,10,"['real 0.23', 'user 0.02', 'sys 0.05']",,,
2,10,1,"['real 0.23', 'user 0.04', 'sys 0.04']",,,
2,10,2,"['real 0.24', 'user 0.02', 'sys 0.06']",,,
2,10,3,"['real 0.26', 'user 0.05', 'sys 0.04']",,,
2,10,4,"['real 0.25', 'user 0.03', 'sys 0.06']",,,
2,10,5,"['real 0.27', 'user 0.05', 'sys 0.04']",,,
2,10,6,"['real 0.23', 'user 0.03', 'sys 0.05']",,,
2,10,7,"['real 0.23', 'user 0.03', 'sys 0.05']",,,
2,10,8,"['real 0.24', 'user 0.05', 'sys 0.03']",,,
2,10,9,"['real 0.23', 'user 0.04', 'sys 0.03']",,,
2,10,10,"['real 0.25', 'user 0.03', 'sys 0.05']",,,
2,11,1,"['real 0.24', 'user 0.04', 'sys 0.04']",204.0,0.060753,0.274559
2,11,2,"['real 0.25', 'user 0.04', 'sys 0.04']",204.0,0.039157,0.257866
2,11,3,"['real 0.25', 'user 0.03', 'sys 0.04']",208.0,0.058631000000000016,0.27632
2,11,4,"['real 0.27', 'user 0.04', 'sys 0.04']",202.0,0.039769,0.27241
2,11,5,"['real 0.26', 'user 0.03', 'sys 0.05']",204.0,0.03649000000000002,0.262348
2,11,6,"['real 0.24', 'user 0.06', 'sys 0.02']",206.0,0.052512,0.259197
2,11,7,"['real 0.24', 'user 0.03', 'sys 0.05']",207.0,0.04040800000000003,0.250387
2,11,8,"['real 0.22', 'user 0.03', 'sys 0.04']",209.0,0.050565,0.236373
2,11,9,"['real 0.23', 'user 0.04', 'sys 0.04']",207.0,0.052319000000000004,0.254492
2,11,10,"['real 0.26', 'user 0.05', 'sys 0.03']",204.0,0.038785000000000014,0.244347
2,12,1,"['real 0.27', 'user 0.05', 'sys 0.04']",65.0,0.025053999999999993,0.249968
2,12,2,"['real 0.23', 'user 0.03', 'sys 0.05']",66.0,0.033503000000000005,0.236551
2,12,3,"['real 0.26', 'user 0.04', 'sys 0.04']",71.0,0.030231000000000008,0.263793
2,12,4,"['real 0.24', 'user 0.04', 'sys 0.04']",70.0,0.029109999999999997,0.234266
2,12,5,"['real 0.26', 'user 0.03', 'sys 0.05']",75.0,0.028387999999999997,0.260911
2,12,6,"['real 0.27', 'user 0.05', 'sys 0.04']",66.0,0.030107000000000023,0.260456
2,12,7,"['real 0.27', 'user 0.03', 'sys 0.05']",69.0,0.02682800000000002,0.253734
2,12,8,"['real 0.25', 'user 0.03', 'sys 0.05']",70.0,0.030959999999999988,0.239093
2,12,9,"['real 0.26', 'user 0.02', 'sys 0.06']",66.0,0.027594000000000007,0.247452
2,12,10,"['real 0.26', 'user 0.04', 'sys 0.04']",67.0,0.03096300000000002,0.265261
2,13,1,"['real 0.24', 'user 0.05', 'sys 0.04']",,,
2,13,2,"['real 0.24', 'user 0.05', 'sys 0.03']",,,
2,13,3,"['real 0.24', 'user 0.04', 'sys 0.03']",,,
2,13,4,"['real 0.23', 'user 0.03', 'sys 0.05']",,,
2,13,5,"['real 0.24', 'user 0.02', 'sys 0.07']",,,
2,13,6,"['real 0.23', 'user 0.05', 'sys 0.04']",,,
2,13,7,"['real 0.23', 'user 0.04', 'sys 0.05']",,,
2,13,8,"['real 0.22', 'user 0.04', 'sys 0.04']",,,
2,13,9,"['real 0.22', 'user 0.03', 'sys 0.05']",,,
2,13,10,"['real 0.22', 'user 0.06', 'sys 0.02']",,,
2,14,1,"['real 0.23', 'user 0.05', 'sys 0.03']",,,
2,14,2,"['real 0.24', 'user 0.04', 'sys 0.03']",,,
2,14,3,"['real 0.25', 'user 0.03', 'sys 0.05']",,,
2,14,4,"['real 0.24', 'user 0.05', 'sys 0.03']",,,
2,14,5,"['real 0.25', 'user 0.03', 'sys 0.05']",,,
2,14,6,"['real 0.23', 'user 0.03', 'sys 0.05']",,,
2,14,7,"['real 0.24', 'user 0.02', 'sys 0.06']",,,
2,14,8,"['real 0.27', 'user 0.02', 'sys 0.06']",,,
2,14,9,"['real 0.28', 'user 0.03', 'sys 0.05']",,,
2,14,10,"['real 0.23', 'user 0.04', 'sys 0.04']",,,
2,15,1,"['real 0.27', 'user 0.03', 'sys 0.05']",206.0,0.04048199999999999,0.252664
2,15,2,"['real 0.25', 'user 0.05', 'sys 0.04']",205.0,0.03709299999999999,0.256961
2,15,3,"['real 0.23', 'user 0.01', 'sys 0.07']",207.0,0.046321,0.243424
2,15,4,"['real 0.25', 'user 0.04', 'sys 0.04']",203.0,0.04420200000000002,0.274913
2,15,5,"['real 0.25', 'user 0.03', 'sys 0.05']",208.0,0.04236800000000002,0.258662
2,15,6,"['real 0.23', 'user 0.05', 'sys 0.03']",206.0,0.05813499999999999,0.258492
2,15,7,"['real 0.24', 'user 0.05', 'sys 0.03']",208.0,0.050869000000000025,0.271531
2,15,8,"['real 0.24', 'user 0.03', 'sys 0.05']",204.0,0.04250700000000002,0.257444
2,15,9,"['real 0.24', 'user 0.02', 'sys 0.06']",206.0,0.046353000000000005,0.251709
2,15,10,"['real 0.24', 'user 0.03', 'sys 0.04']",205.0,0.05387800000000001,0.258058
2,16,1,"['real 0.24', 'user 0.03', 'sys 0.05']",68.0,0.026969999999999994,0.240613
2,16,2,"['real 0.24', 'user 0.02', 'sys 0.05']",70.0,0.030871999999999983,0.240887
2,16,3,"['real 0.25', 'user 0.03', 'sys 0.05']",68.0,0.030777000000000027,0.250072
2,16,4,"['real 0.24', 'user 0.03', 'sys 0.04']",64.0,0.028614,0.243995
2,16,5,"['real 0.23', 'user 0.04', 'sys 0.03']",68.0,0.03158799999999998,0.238858
2,16,6,"['real 0.26', 'user 0.02', 'sys 0.06']",69.0,0.02859400000000001,0.249846
2,16,7,"['real 0.26', 'user 0.04', 'sys 0.04']",68.0,0.028503999999999974,0.24946
2,16,8,"['real 0.24', 'user 0.04', 'sys 0.04']",66.0,0.027066000000000007,0.241736
2,16,9,"['real 0.25', 'user 0.02', 'sys 0.06']",72.0,0.03182399999999999,0.254424
2,16,10,"['real 0.25', 'user 0.02', 'sys 0.06']",66.0,0.02494200000000002,0.229721
2,17,1,"['real 0.23', 'user 0.03', 'sys 0.05']",,,
2,17,2,"['real 0.26', 'user 0.03', 'sys 0.06']",,,
2,17,3,"['real 0.24', 'user 0.03', 'sys 0.04']",,,
2,17,4,"['real 0.25', 'user 0.03', 'sys 0.05']",,,
2,17,5,"['real 0.25', 'user 0.02', 'sys 0.05']",,,
2,17,6,"['real 0.25', 'user 0.04', 'sys 0.05']",,,
2,17,7,"['real 0.25', 'user 0.05', 'sys 0.03']",,,
2,17,8,"['real 0.26', 'user 0.04', 'sys 0.05']",,,
2,17,9,"['real 0.26', 'user 0.03', 'sys 0.04']",,,
2,17,10,"['real 0.25', 'user 0.03', 'sys 0.06']",,,
2,18,1,"['real 0.23', 'user 0.03', 'sys 0.06']",,,
2,18,2,"['real 0.24', 'user 0.02', 'sys 0.06']",,,
2,18,3,"['real 0.27', 'user 0.04', 'sys 0.05']",,,
2,18,4,"['real 0.26', 'user 0.03', 'sys 0.06']",,,
2,18,5,"['real 0.24', 'user 0.03', 'sys 0.05']",,,
2,18,6,"['real 0.25', 'user 0.01', 'sys 0.07']",,,
2,18,7,"['real 0.26', 'user 0.03', 'sys 0.05']",,,
2,18,8,"['real 0.26', 'user 0.03', 'sys 0.05']",,,
2,18,9,"['real 0.25', 'user 0.02', 'sys 0.06']",,,
2,18,10,"['real 0.23', 'user 0.04', 'sys 0.04']",,,
2,19,1,"['real 0.23', 'user 0.04', 'sys 0.04']",2770.0,0.15825899999999998,0.36543
2,19,2,"['real 0.27', 'user 0.05', 'sys 0.03']",2770.0,0.173579,0.412445
2,19,3,"['real 0.25', 'user 0.02', 'sys 0.06']",2765.0,0.16542400000000002,0.376269
2,19,4,"['real 0.25', 'user 0.04', 'sys 0.04']",2765.0,0.16056700000000002,0.381244
2,19,5,"['real 0.23', 'user 0.04', 'sys 0.04']",2766.0,0.17206399999999997,0.374729
2,19,6,"['real 0.25', 'user 0.04', 'sys 0.04']",2767.0,0.16047299999999998,0.369322
2,19,7,"['real 0.24', 'user 0.04', 'sys 0.04']",2764.0,0.160312,0.378137
2,19,8,"['real 0.25', 'user 0.03', 'sys 0.05']",2764.0,0.17035399999999998,0.391435
2,19,9,"['real 0.24', 'user 0.04', 'sys 0.05']",2767.0,0.15764799999999998,0.366428
2,19,10,"['real 0.24', 'user 0.03', 'sys 0.05']",2766.0,0.15579199999999999,0.358319
2,20,1,"['real 0.26', 'user 0.02', 'sys 0.06']",11.0,0.017965999999999982,0.247187
2,20,2,"['real 0.28', 'user 0.05', 'sys 0.03']",7.0,0.01738400000000001,0.251056
2,20,3,"['real 0.25', 'user 0.05', 'sys 0.04']",7.0,0.016673999999999994,0.240169
2,20,4,"['real 0.27', 'user 0.03', 'sys 0.05']",11.0,0.019114999999999993,0.261994
2,20,5,"['real 0.26', 'user 0.05', 'sys 0.03']",7.0,0.018406000000000006,0.246334
2,20,6,"['real 0.26', 'user 0.04', 'sys 0.04']",7.0,0.017452999999999996,0.242108
2,20,7,"['real 0.25', 'user 0.03', 'sys 0.04']",11.0,0.017663999999999985,0.238562
2,20,8,"['real 0.25', 'user 0.04', 'sys 0.04']",11.0,0.016632000000000008,0.239293
2,20,9,"['real 0.27', 'user 0.02', 'sys 0.06']",11.0,0.019151,0.251936
2,20,10,"['real 0.26', 'user 0.05', 'sys 0.03']",11.0,0.016595,0.246722
2,21,1,"['real 0.28', 'user 0.03', 'sys 0.05']",,,
2,21,2,"['real 0.25', 'user 0.03', 'sys 0.05']",,,
2,21,3,"['real 0.25', 'user 0.03', 'sys 0.05']",,,
2,21,4,"['real 0.26', 'user 0.04', 'sys 0.04']",,,
2,21,5,"['real 0.25', 'user 0.02', 'sys 0.06']",,,
2,21,6,"['real 0.24', 'user 0.03', 'sys 0.05']",,,
2,21,7,,,,
2,21,8,"['real 0.25', 'user 0.04', 'sys 0.05']",,,
2,21,9,"['real 0.26', 'user 0.03', 'sys 0.06']",,,
2,21,10,"['real 0.22', 'user 0.03', 'sys 0.05']",,,
2,22,1,"['real 0.30', 'user 0.04', 'sys 0.04']",,,
2,22,2,"['real 0.27', 'user 0.05', 'sys 0.03']",,,
2,22,3,"['real 0.28', 'user 0.04', 'sys 0.03']",,,
2,22,4,"['real 0.24', 'user 0.03', 'sys 0.05']",,,
2,22,5,"['real 0.26', 'user 0.05', 'sys 0.03']",,,
2,22,6,"['real 0.24', 'user 0.03', 'sys 0.05']",,,
2,22,7,"['real 0.27', 'user 0.04', 'sys 0.03']",,,
2,22,8,"['real 0.26', 'user 0.03', 'sys 0.05']",,,
2,22,9,"['real 0.27', 'user 0.03', 'sys 0.06']",,,
2,22,10,"['real 0.25', 'user 0.03', 'sys 0.06']",,,
2,23,1,"['real 0.25', 'user 0.02', 'sys 0.06']",2765.0,0.155866,0.37256
2,23,2,"['real 0.26', 'user 0.03', 'sys 0.06']",2767.0,0.16167600000000001,0.397882
2,23,3,"['real 0.24', 'user 0.04', 'sys 0.04']",2764.0,0.15260200000000002,0.359708
2,23,4,"['real 0.25', 'user 0.04', 'sys 0.04']",2771.0,0.16064499999999998,0.378339
2,23,5,"['real 0.24', 'user 0.03', 'sys 0.05']",2763.0,0.15902200000000002,0.371408
2,23,6,"['real 0.23', 'user 0.04', 'sys 0.04']",2768.0,0.16061100000000003,0.361227
2,23,7,"['real 0.26', 'user 0.04', 'sys 0.04']",2767.0,0.160286,0.384907
2,23,8,"['real 0.28', 'user 0.03', 'sys 0.06']",2767.0,0.16134600000000002,0.39683
2,23,9,"['real 0.23', 'user 0.03', 'sys 0.05']",2766.0,0.160304,0.364888
2,23,10,"['real 0.24', 'user 0.05', 'sys 0.03']",2764.0,0.14954300000000004,0.363756
2,24,1,"['real 0.25', 'user 0.03', 'sys 0.04']",68.0,0.031044000000000016,0.259357
2,24,2,"['real 0.27', 'user 0.04', 'sys 0.04']",70.0,0.027808999999999973,0.261219
2,24,3,"['real 0.27', 'user 0.03', 'sys 0.05']",69.0,0.026875999999999983,0.267036
2,24,4,"['real 0.27', 'user 0.02', 'sys 0.06']",67.0,0.04458300000000001,0.279501
2,24,5,"['real 0.26', 'user 0.05', 'sys 0.04']",69.0,0.027792999999999984,0.253582
2,24,6,"['real 0.26', 'user 0.03', 'sys 0.05']",68.0,0.022150999999999976,0.240746
2,24,7,"['real 0.24', 'user 0.06', 'sys 0.03']",69.0,0.03264,0.24954
2,24,8,"['real 0.26', 'user 0.06', 'sys 0.03']",68.0,0.02848099999999998,0.252387
2,24,9,"['real 0.27', 'user 0.02', 'sys 0.06']",67.0,0.030848000000000014,0.271052
2,24,10,"['real 0.26', 'user 0.04', 'sys 0.04']",68.0,0.025145,0.247549
2,25,1,"['real 0.24', 'user 0.04', 'sys 0.04']",,,
2,25,2,"['real 0.26', 'user 0.04', 'sys 0.04']",,,
2,25,3,"['real 0.25', 'user 0.03', 'sys 0.06']",,,
2,25,4,"['real 0.24', 'user 0.03', 'sys 0.06']",,,
2,25,5,"['real 0.24', 'user 0.02', 'sys 0.06']",,,
2,25,6,"['real 0.24', 'user 0.04', 'sys 0.04']",,,
2,25,7,"['real 0.24', 'user 0.03', 'sys 0.04']",,,
2,25,8,"['real 0.26', 'user 0.02', 'sys 0.06']",,,
2,25,9,"['real 0.24', 'user 0.04', 'sys 0.04']",,,
2,25,10,"['real 0.26', 'user 0.02', 'sys 0.06']",,,
2,26,1,"['real 0.24', 'user 0.03', 'sys 0.05']",,,
2,26,2,"['real 0.24', 'user 0.04', 'sys 0.04']",,,
2,26,3,"['real 0.26', 'user 0.04', 'sys 0.05']",,,
2,26,4,"['real 0.24', 'user 0.05', 'sys 0.03']",,,
2,26,5,"['real 0.25', 'user 0.04', 'sys 0.04']",,,
2,26,6,"['real 0.26', 'user 0.04', 'sys 0.04']",,,
2,26,7,"['real 0.26', 'user 0.03', 'sys 0.05']",,,
2,26,8,"['real 0.25', 'user 0.03', 'sys 0.05']",,,
2,26,9,"['real 0.26', 'user 0.05', 'sys 0.04']",,,
2,26,10,"['real 0.26', 'user 0.03', 'sys 0.05']",,,
2,27,1,"['real 0.24', 'user 0.06', 'sys 0.03']",2765.0,0.15368300000000001,0.370217
2,27,2,,,,
2,27,3,"['real 0.25', 'user 0.03', 'sys 0.06']",2768.0,0.16131,0.377276
2,27,4,"['real 0.25', 'user 0.03', 'sys 0.05']",2763.0,0.161195,0.376039
2,27,5,"['real 0.23', 'user 0.04', 'sys 0.04']",2763.0,0.16079800000000002,0.366246
2,27,6,"['real 0.25', 'user 0.03', 'sys 0.05']",2766.0,0.15864599999999998,0.365048
2,27,7,"['real 0.23', 'user 0.04', 'sys 0.04']",2765.0,0.16324200000000003,0.363109
2,27,8,"['real 0.22', 'user 0.02', 'sys 0.06']",2764.0,0.15402999999999997,0.33424
2,27,9,"['real 0.24', 'user 0.03', 'sys 0.05']",2765.0,0.157697,0.357852
2,27,10,,,,
2,28,1,"['real 0.25', 'user 0.03', 'sys 0.04']",65.0,0.029517000000000015,0.243985
2,28,2,"['real 0.26', 'user 0.01', 'sys 0.07']",70.0,0.024312999999999974,0.257727
2,28,3,"['real 0.26', 'user 0.03', 'sys 0.05']",68.0,0.02559900000000001,0.244347
2,28,4,"['real 0.28', 'user 0.04', 'sys 0.04']",77.0,0.028293000000000013,0.269459
2,28,5,"['real 0.25', 'user 0.04', 'sys 0.05']",66.0,0.030657000000000018,0.244287
2,28,6,"['real 0.26', 'user 0.03', 'sys 0.06']",69.0,0.033715999999999996,0.274565
2,28,7,"['real 0.25', 'user 0.03', 'sys 0.05']",69.0,0.032705999999999985,0.252135
2,28,8,"['real 0.28', 'user 0.02', 'sys 0.06']",72.0,0.03186599999999998,0.281261
2,28,9,"['real 0.27', 'user 0.02', 'sys 0.06']",69.0,0.027502,0.262498
2,28,10,"['real 0.26', 'user 0.03', 'sys 0.05']",68.0,0.028013999999999983,0.252125
2,29,1,"['real 0.25', 'user 0.02', 'sys 0.06']",,,
2,29,2,"['real 0.23', 'user 0.04', 'sys 0.03']",,,
2,29,3,"['real 0.25', 'user 0.06', 'sys 0.03']",,,
2,29,4,"['real 0.24', 'user 0.05', 'sys 0.04']",,,
2,29,5,"['real 0.28', 'user 0.04', 'sys 0.04']",,,
2,29,6,"['real 0.25', 'user 0.04', 'sys 0.04']",,,
2,29,7,"['real 0.24', 'user 0.04', 'sys 0.04']",,,
2,29,8,"['real 0.27', 'user 0.03', 'sys 0.05']",,,
2,29,9,"['real 0.25', 'user 0.03', 'sys 0.05']",,,
2,29,10,"['real 0.24', 'user 0.02', 'sys 0.06']",,,
2,30,1,"['real 0.24', 'user 0.03', 'sys 0.06']",,,
2,30,2,"['real 0.25', 'user 0.04', 'sys 0.05']",,,
2,30,3,"['real 0.27', 'user 0.03', 'sys 0.05']",,,
2,30,4,"['real 0.25', 'user 0.03', 'sys 0.06']",,,
2,30,5,"['real 0.26', 'user 0.05', 'sys 0.03']",,,
2,30,6,"['real 0.26', 'user 0.04', 'sys 0.04']",,,
2,30,7,"['real 0.24', 'user 0.03', 'sys 0.04']",,,
2,30,8,"['real 0.27', 'user 0.04', 'sys 0.05']",,,
2,30,9,"['real 0.25', 'user 0.02', 'sys 0.06']",,,
2,30,10,"['real 0.28', 'user 0.02', 'sys 0.05']",,,
2,31,1,"['real 0.24', 'user 0.04', 'sys 0.04']",2769.0,0.164608,0.3729
2,31,2,"['real 0.29', 'user 0.05', 'sys 0.03']",2766.0,0.18247000000000002,0.443087
2,31,3,"['real 0.24', 'user 0.04', 'sys 0.05']",2765.0,0.15639200000000003,0.37225
2,31,4,"['real 0.25', 'user 0.05', 'sys 0.03']",2769.0,0.159277,0.378788
2,31,5,"['real 0.26', 'user 0.04', 'sys 0.04']",2764.0,0.16608699999999998,0.381704
2,31,6,"['real 0.26', 'user 0.04', 'sys 0.04']",2767.0,0.16176400000000002,0.387398
2,31,7,"['real 0.25', 'user 0.05', 'sys 0.04']",2767.0,0.164976,0.389693
2,31,8,"['real 0.26', 'user 0.03', 'sys 0.05']",2766.0,0.15694899999999998,0.389904
2,31,9,"['real 0.23', 'user 0.03', 'sys 0.06']",2768.0,0.16348800000000002,0.37103
2,31,10,"['real 0.23', 'user 0.03', 'sys 0.06']",2768.0,0.170326,0.362365
2,32,1,"['real 0.26', 'user 0.04', 'sys 0.05']",69.0,0.02404400000000001,0.249783
2,32,2,"['real 0.30', 'user 0.02', 'sys 0.06']",67.0,0.02396699999999996,0.276674
2,32,3,"['real 0.29', 'user 0.04', 'sys 0.05']",67.0,0.02552199999999999,0.272319
2,32,4,"['real 0.26', 'user 0.04', 'sys 0.04']",67.0,0.033025,0.265266
2,32,5,"['real 0.25', 'user 0.04', 'sys 0.04']",69.0,0.03126200000000001,0.254143
2,32,6,"['real 0.29', 'user 0.05', 'sys 0.04']",68.0,0.02564700000000003,0.276139
2,32,7,"['real 0.26', 'user 0.04', 'sys 0.04']",64.0,0.028229999999999977,0.251565
2,32,8,"['real 0.28', 'user 0.04', 'sys 0.05']",71.0,0.038266999999999995,0.285474
2,32,9,"['real 0.28', 'user 0.01', 'sys 0.07']",67.0,0.025575000000000014,0.262326
2,32,10,"['real 0.28', 'user 0.02', 'sys 0.06']",68.0,0.026355000000000017,0.276389
2,33,1,"['real 0.29', 'user 0.03', 'sys 0.06']",,,
2,33,2,"['real 0.30', 'user 0.03', 'sys 0.06']",,,
2,33,3,"['real 0.28', 'user 0.03', 'sys 0.06']",,,
2,33,4,"['real 0.29', 'user 0.03', 'sys 0.05']",,,
2,33,5,"['real 0.30', 'user 0.04', 'sys 0.04']",,,
2,33,6,"['real 0.29', 'user 0.03', 'sys 0.05']",,,
2,33,7,"['real 0.29', 'user 0.04', 'sys 0.05']",,,
2,33,8,"['real 0.30', 'user 0.04', 'sys 0.04']",,,
2,33,9,"['real 0.30', 'user 0.03', 'sys 0.05']",,,
2,33,10,"['real 0.29', 'user 0.04', 'sys 0.04']",,,
2,34,1,"['real 0.29', 'user 0.04', 'sys 0.04']",,,
2,34,2,"['real 0.29', 'user 0.05', 'sys 0.03']",,,
2,34,3,"['real 0.31', 'user 0.03', 'sys 0.05']",,,
2,34,4,"['real 0.30', 'user 0.04', 'sys 0.04']",,,
2,34,5,"['real 0.31', 'user 0.05', 'sys 0.03']",,,
2,34,6,"['real 0.29', 'user 0.03', 'sys 0.05']",,,
2,34,7,"['real 0.30', 'user 0.05', 'sys 0.03']",,,
2,34,8,"['real 0.32', 'user 0.06', 'sys 0.02']",,,
2,34,9,"['real 0.29', 'user 0.04', 'sys 0.04']",,,
2,34,10,"['real 0.33', 'user 0.03', 'sys 0.05']",,,
2,35,1,"['real 0.24', 'user 0.04', 'sys 0.04']",9184.0,0.42776899999999995,0.638088
2,35,2,"['real 0.23', 'user 0.04', 'sys 0.04']",10384.0,0.468575,0.665725
2,35,3,"['real 0.25', 'user 0.04', 'sys 0.04']",9359.0,0.42568799999999996,0.649535
2,35,4,"['real 0.26', 'user 0.05', 'sys 0.03']",6176.0,0.308643,0.517934
2,35,5,"['real 0.25', 'user 0.04', 'sys 0.04']",7759.0,0.35980500000000004,0.565311
2,35,6,"['real 0.23', 'user 0.03', 'sys 0.05']",7312.0,0.34584799999999993,0.539395
2,35,7,"['real 0.25', 'user 0.04', 'sys 0.05']",8335.0,0.39213700000000007,0.607369
2,35,8,"['real 0.28', 'user 0.04', 'sys 0.04']",6287.0,0.30634700000000004,0.547259
2,35,9,"['real 0.25', 'user 0.03', 'sys 0.05']",6703.0,0.32868700000000006,0.545649
2,35,10,,,,
2,36,1,"['real 0.32', 'user 0.05', 'sys 0.04']",11.0,0.01828099999999999,0.313931
2,36,2,"['real 0.30', 'user 0.04', 'sys 0.04']",11.0,0.02032299999999998,0.291687
2,36,3,"['real 0.30', 'user 0.03', 'sys 0.06']",11.0,0.019674999999999998,0.289252
2,36,4,"['real 0.29', 'user 0.03', 'sys 0.05']",11.0,0.018747000000000014,0.273119
2,36,5,"['real 0.30', 'user 0.04', 'sys 0.04']",11.0,0.020100000000000007,0.281907
2,36,6,"['real 0.28', 'user 0.04', 'sys 0.03']",11.0,0.020386000000000015,0.267249
2,36,7,"['real 0.29', 'user 0.04', 'sys 0.05']",11.0,0.019909999999999983,0.281817
2,36,8,"['real 0.29', 'user 0.03', 'sys 0.04']",11.0,0.016976000000000047,0.27339
2,36,9,"['real 0.29', 'user 0.04', 'sys 0.05']",11.0,0.025143000000000026,0.285787
2,36,10,"['real 0.30', 'user 0.03', 'sys 0.05']",11.0,0.018323000000000034,0.283154
2,37,1,"['real 0.31', 'user 0.02', 'sys 0.07']",,,
2,37,2,"['real 0.28', 'user 0.05', 'sys 0.04']",,,
2,37,3,"['real 0.28', 'user 0.03', 'sys 0.05']",,,
2,37,4,"['real 0.28', 'user 0.02', 'sys 0.06']",,,
2,37,5,"['real 0.30', 'user 0.04', 'sys 0.04']",,,
2,37,6,"['real 0.28', 'user 0.06', 'sys 0.03']",,,
2,37,7,"['real 0.28', 'user 0.04', 'sys 0.04']",,,
2,37,8,"['real 0.29', 'user 0.02', 'sys 0.06']",,,
2,37,9,"['real 0.29', 'user 0.04', 'sys 0.04']",,,
2,37,10,"['real 0.28', 'user 0.03', 'sys 0.04']",,,
2,38,1,"['real 0.29', 'user 0.04', 'sys 0.04']",,,
2,38,2,"['real 0.31', 'user 0.04', 'sys 0.04']",,,
2,38,3,"['real 0.29', 'user 0.02', 'sys 0.06']",,,
2,38,4,"['real 0.28', 'user 0.05', 'sys 0.04']",,,
2,38,5,"['real 0.29', 'user 0.04', 'sys 0.05']",,,
2,38,6,"['real 0.30', 'user 0.03', 'sys 0.05']",,,
2,38,7,"['real 0.29', 'user 0.06', 'sys 0.02']",,,
2,38,8,"['real 0.28', 'user 0.05', 'sys 0.03']",,,
2,38,9,"['real 0.30', 'user 0.04', 'sys 0.04']",,,
2,38,10,"['real 0.30', 'user 0.04', 'sys 0.04']",,,
2,39,1,"['real 0.23', 'user 0.04', 'sys 0.03']",9071.0,0.41781,0.616442
2,39,2,"['real 0.29', 'user 0.02', 'sys 0.06']",7104.0,0.35799499999999995,0.596949
2,39,3,"['real 0.23', 'user 0.04', 'sys 0.04']",11951.0,0.533836,0.724504
2,39,4,"['real 0.24', 'user 0.03', 'sys 0.05']",8096.0,0.38146800000000003,0.591839
2,39,5,"['real 0.24', 'user 0.04', 'sys 0.04']",9824.0,0.43853300000000006,0.641757
2,39,6,"['real 0.24', 'user 0.04', 'sys 0.04']",8127.0,0.38227099999999997,0.588923
2,39,7,"['real 0.23', 'user 0.04', 'sys 0.04']",9361.0,0.437402,0.637328
2,39,8,"['real 0.26', 'user 0.05', 'sys 0.04']",8335.0,0.38744899999999993,0.609972
2,39,9,"['real 0.26', 'user 0.04', 'sys 0.04']",8335.0,0.38945700000000005,0.607832
2,39,10,"['real 0.26', 'user 0.04', 'sys 0.04']",8096.0,0.39138400000000007,0.622615
2,40,1,"['real 0.30', 'user 0.04', 'sys 0.04']",71.0,0.027500999999999998,0.302499
2,40,2,"['real 0.31', 'user 0.05', 'sys 0.04']",74.0,0.03911999999999999,0.318149
2,40,3,"['real 0.29', 'user 0.05', 'sys 0.03']",66.0,0.031604999999999994,0.290315
2,40,4,"['real 0.33', 'user 0.04', 'sys 0.04']",68.0,0.024553999999999965,0.308384
2,40,5,"['real 0.29', 'user 0.03', 'sys 0.05']",67.0,0.033265000000000045,0.292455
2,40,6,"['real 0.32', 'user 0.03', 'sys 0.04']",74.0,0.023813999999999946,0.301011
2,40,7,"['real 0.30', 'user 0.04', 'sys 0.04']",71.0,0.03183199999999997,0.295122
2,40,8,"['real 0.29', 'user 0.03', 'sys 0.04']",70.0,0.03612799999999999,0.287798
2,40,9,"['real 0.30', 'user 0.02', 'sys 0.05']",68.0,0.030038999999999982,0.292742
2,40,10,"['real 0.29', 'user 0.04', 'sys 0.04']",11.0,0.01796499999999998,0.264217
2,41,1,"['real 0.30', 'user 0.04', 'sys 0.04']",,,
2,41,2,"['real 0.29', 'user 0.06', 'sys 0.03']",,,
2,41,3,"['real 0.30', 'user 0.03', 'sys 0.06']",,,
2,41,4,"['real 0.31', 'user 0.03', 'sys 0.05']",,,
2,41,5,"['real 0.30', 'user 0.03', 'sys 0.05']",,,
2,41,6,"['real 0.27', 'user 0.03', 'sys 0.04']",,,
2,41,7,"['real 0.30', 'user 0.03', 'sys 0.05']",,,
2,41,8,"['real 0.30', 'user 0.03', 'sys 0.06']",,,
2,41,9,"['real 0.29', 'user 0.05', 'sys 0.03']",,,
2,41,10,"['real 0.30', 'user 0.03', 'sys 0.06']",,,
2,42,1,"['real 0.28', 'user 0.02', 'sys 0.06']",,,
2,42,2,"['real 0.29', 'user 0.07', 'sys 0.02']",,,
2,42,3,"['real 0.32', 'user 0.03', 'sys 0.06']",,,
2,42,4,"['real 0.30', 'user 0.04', 'sys 0.05']",,,
2,42,5,"['real 0.29', 'user 0.04', 'sys 0.04']",,,
2,42,6,"['real 0.28', 'user 0.06', 'sys 0.02']",,,
2,42,7,"['real 0.30', 'user 0.02', 'sys 0.06']",,,
2,42,8,"['real 0.30', 'user 0.03', 'sys 0.04']",,,
2,42,9,"['real 0.28', 'user 0.06', 'sys 0.02']",,,
2,42,10,"['real 0.31', 'user 0.03', 'sys 0.05']",,,
2,43,1,"['real 0.24', 'user 0.04', 'sys 0.04']",13007.0,0.556033,0.767026
2,43,2,"['real 0.26', 'user 0.05', 'sys 0.04']",9183.0,0.4300550000000001,0.650808
2,43,3,"['real 0.24', 'user 0.03', 'sys 0.05']",8768.0,0.415304,0.622147
2,43,4,"['real 0.25', 'user 0.04', 'sys 0.04']",9359.0,0.42820800000000003,0.648115
2,43,5,"['real 0.27', 'user 0.04', 'sys 0.04']",13006.0,0.5593319999999999,0.780474
2,43,6,"['real 0.23', 'user 0.04', 'sys 0.04']",13006.0,0.571116,0.771165
2,43,7,"['real 0.22', 'user 0.06', 'sys 0.01']",9792.0,0.44166300000000003,0.635617
2,43,8,"['real 0.26', 'user 0.03', 'sys 0.05']",13005.0,0.555498,0.778611
2,43,9,"['real 0.25', 'user 0.04', 'sys 0.04']",8335.0,0.39838000000000007,0.620168
2,43,10,"['real 0.24', 'user 0.04', 'sys 0.04']",13005.0,0.5565230000000001,0.758017
2,44,1,"['real 0.30', 'user 0.03', 'sys 0.04']",69.0,0.028258000000000005,0.299689
2,44,2,"['real 0.32', 'user 0.03', 'sys 0.05']",66.0,0.023907999999999985,0.299923
2,44,3,"['real 0.29', 'user 0.03', 'sys 0.05']",68.0,0.028039000000000036,0.288214
2,44,4,"['real 0.31', 'user 0.02', 'sys 0.06']",68.0,0.027149000000000034,0.299094
2,44,5,"['real 0.32', 'user 0.05', 'sys 0.03']",71.0,0.031046000000000018,0.299153
2,44,6,"['real 0.31', 'user 0.04', 'sys 0.05']",69.0,0.026996999999999993,0.286921
2,44,7,"['real 0.30', 'user 0.05', 'sys 0.03']",68.0,0.03140000000000004,0.3028
2,44,8,"['real 0.31', 'user 0.03', 'sys 0.05']",70.0,0.03173900000000002,0.312265
2,44,9,"['real 0.30', 'user 0.04', 'sys 0.05']",73.0,0.031283000000000005,0.301296
2,44,10,"['real 0.30', 'user 0.04', 'sys 0.04']",68.0,0.029513999999999985,0.306023
2,45,1,"['real 0.28', 'user 0.03', 'sys 0.05']",,,
2,45,2,"['real 0.27', 'user 0.03', 'sys 0.05']",,,
2,45,3,"['real 0.30', 'user 0.02', 'sys 0.06']",,,
2,45,4,"['real 0.28', 'user 0.02', 'sys 0.05']",,,
2,45,5,"['real 0.29', 'user 0.03', 'sys 0.05']",,,
2,45,6,"['real 0.31', 'user 0.05', 'sys 0.03']",,,
2,45,7,"['real 0.30', 'user 0.04', 'sys 0.04']",,,
2,45,8,"['real 0.31', 'user 0.06', 'sys 0.02']",,,
2,45,9,"['real 0.28', 'user 0.02', 'sys 0.06']",,,
2,45,10,"['real 0.27', 'user 0.03', 'sys 0.05']",,,
2,46,1,"['real 0.33', 'user 0.02', 'sys 0.06']",,,
2,46,2,"['real 0.31', 'user 0.04', 'sys 0.05']",,,
2,46,3,"['real 0.29', 'user 0.03', 'sys 0.05']",,,
2,46,4,"['real 0.29', 'user 0.03', 'sys 0.05']",,,
2,46,5,"['real 0.29', 'user 0.02', 'sys 0.06']",,,
2,46,6,"['real 0.30', 'user 0.03', 'sys 0.05']",,,
2,46,7,"['real 0.30', 'user 0.02', 'sys 0.06']",,,
2,46,8,"['real 0.32', 'user 0.03', 'sys 0.06']",,,
2,46,9,"['real 0.30', 'user 0.05', 'sys 0.03']",,,
2,46,10,"['real 0.30', 'user 0.03', 'sys 0.05']",,,
2,47,1,"['real 0.24', 'user 0.04', 'sys 0.04']",6288.0,0.29741900000000004,0.518619
2,47,2,"['real 0.24', 'user 0.03', 'sys 0.05']",6143.0,0.30195299999999997,0.513574
2,47,3,"['real 0.23', 'user 0.03', 'sys 0.05']",6145.0,0.311017,0.507985
2,47,4,"['real 0.23', 'user 0.05', 'sys 0.03']",6288.0,0.30794099999999996,0.505582
2,47,5,"['real 0.24', 'user 0.04', 'sys 0.04']",6239.0,0.30748200000000003,0.513823
2,47,6,"['real 0.25', 'user 0.05', 'sys 0.03']",6288.0,0.305156,0.522713
2,47,7,"['real 0.26', 'user 0.02', 'sys 0.06']",9936.0,0.451572,0.68428
2,47,8,"['real 0.25', 'user 0.04', 'sys 0.04']",6767.0,0.32555500000000004,0.544312
2,47,9,"['real 0.24', 'user 0.02', 'sys 0.06']",6143.0,0.294189,0.505238
2,47,10,"['real 0.26', 'user 0.04', 'sys 0.04']",6287.0,0.32076,0.541547
2,48,1,"['real 0.30', 'user 0.02', 'sys 0.06']",70.0,0.022146999999999972,0.28889
2,48,2,"['real 0.33', 'user 0.03', 'sys 0.05']",68.0,0.02423900000000001,0.320465
2,48,3,"['real 0.31', 'user 0.03', 'sys 0.05']",72.0,0.027996999999999994,0.306903
2,48,4,"['real 0.30', 'user 0.03', 'sys 0.05']",69.0,0.028691999999999995,0.306318
2,48,5,"['real 0.29', 'user 0.03', 'sys 0.05']",66.0,0.02466899999999997,0.274091
2,48,6,"['real 0.30', 'user 0.04', 'sys 0.04']",68.0,0.029700000000000004,0.298217
2,48,7,"['real 0.30', 'user 0.04', 'sys 0.04']",70.0,0.028329999999999966,0.297415
2,48,8,"['real 0.29', 'user 0.04', 'sys 0.03']",68.0,0.029121000000000008,0.284737
2,48,9,"['real 0.30', 'user 0.03', 'sys 0.05']",70.0,0.03673500000000002,0.302005
2,48,10,"['real 0.31', 'user 0.03', 'sys 0.05']",67.0,0.024419000000000024,0.297317
2,49,1,"['real 0.37', 'user 0.02', 'sys 0.06']",,,
2,49,2,"['real 0.35', 'user 0.04', 'sys 0.03']",,,
2,49,3,"['real 0.34', 'user 0.05', 'sys 0.04']",,,
2,49,4,"['real 0.35', 'user 0.03', 'sys 0.05']",,,
2,49,5,"['real 0.34', 'user 0.03', 'sys 0.05']",,,
2,49,6,"['real 0.34', 'user 0.03', 'sys 0.07']",,,
2,49,7,"['real 0.34', 'user 0.03', 'sys 0.05']",,,
2,49,8,"['real 0.34', 'user 0.04', 'sys 0.04']",,,
2,49,9,"['real 0.34', 'user 0.03', 'sys 0.05']",,,
2,49,10,"['real 0.34', 'user 0.03', 'sys 0.05']",,,
2,50,1,"['real 0.33', 'user 0.04', 'sys 0.05']",,,
2,50,2,"['real 0.35', 'user 0.03', 'sys 0.05']",,,
2,50,3,"['real 0.35', 'user 0.03', 'sys 0.05']",,,
2,50,4,"['real 0.35', 'user 0.03', 'sys 0.05']",,,
2,50,5,"['real 0.36', 'user 0.01', 'sys 0.07']",,,
2,50,6,"['real 0.35', 'user 0.04', 'sys 0.03']",,,
2,50,7,"['real 0.36', 'user 0.03', 'sys 0.05']",,,
2,50,8,"['real 0.34', 'user 0.04', 'sys 0.03']",,,
2,50,9,"['real 0.35', 'user 0.03', 'sys 0.05']",,,
2,50,10,"['real 0.36', 'user 0.02', 'sys 0.06']",,,
2,51,1,"['real 0.24', 'user 0.02', 'sys 0.07']",6704.0,0.33236400000000005,0.550143
2,51,2,"['real 0.23', 'user 0.03', 'sys 0.05']",7072.0,0.33794100000000005,0.537362
2,51,3,"['real 0.24', 'user 0.05', 'sys 0.03']",8863.0,0.420605,0.630722
2,51,4,"['real 0.24', 'user 0.04', 'sys 0.04']",6719.0,0.325723,0.53732
2,51,5,"['real 0.25', 'user 0.03', 'sys 0.04']",6752.0,0.324032,0.547666
2,51,6,,,,
2,51,7,"['real 0.23', 'user 0.05', 'sys 0.03']",6705.0,0.32624899999999996,0.529052
2,51,8,"['real 0.23', 'user 0.03', 'sys 0.05']",7135.0,0.337304,0.533987
2,51,9,"['real 0.26', 'user 0.04', 'sys 0.04']",6112.0,0.294416,0.51169
2,51,10,"['real 0.24', 'user 0.02', 'sys 0.07']",6287.0,0.30206600000000006,0.509715
2,52,1,"['real 0.36', 'user 0.05', 'sys 0.02']",11.0,0.02156600000000003,0.339307
2,52,2,"['real 0.35', 'user 0.01', 'sys 0.06']",11.0,0.020515000000000005,0.33672
2,52,3,"['real 0.37', 'user 0.02', 'sys 0.06']",11.0,0.019938999999999985,0.354889
2,52,4,"['real 0.36', 'user 0.04', 'sys 0.04']",11.0,0.017683000000000004,0.344275
2,52,5,"['real 0.32', 'user 0.03', 'sys 0.05']",11.0,0.01937799999999995,0.306648
2,52,6,"['real 0.36', 'user 0.03', 'sys 0.05']",11.0,0.020843999999999974,0.352348
2,52,7,"['real 0.38', 'user 0.04', 'sys 0.04']",11.0,0.018623,0.373021
2,52,8,"['real 0.36', 'user 0.04', 'sys 0.04']",11.0,0.020772999999999986,0.355022
2,52,9,"['real 0.35', 'user 0.03', 'sys 0.06']",11.0,0.01925300000000002,0.347484
2,52,10,"['real 0.38', 'user 0.03', 'sys 0.06']",11.0,0.01814899999999997,0.355624
2,53,1,"['real 0.35', 'user 0.05', 'sys 0.03']",,,
2,53,2,"['real 0.40', 'user 0.04', 'sys 0.04']",,,
2,53,3,"['real 0.35', 'user 0.03', 'sys 0.05']",,,
2,53,4,"['real 0.34', 'user 0.03', 'sys 0.05']",,,
2,53,5,"['real 0.35', 'user 0.03', 'sys 0.06']",,,
2,53,6,"['real 0.34', 'user 0.03', 'sys 0.05']",,,
2,53,7,"['real 0.33', 'user 0.03', 'sys 0.06']",,,
2,53,8,"['real 0.34', 'user 0.04', 'sys 0.04']",,,
2,53,9,"['real 0.33', 'user 0.03', 'sys 0.05']",,,
2,53,10,"['real 0.36', 'user 0.03', 'sys 0.05']",,,
2,54,1,"['real 0.37', 'user 0.04', 'sys 0.04']",,,
2,54,2,"['real 0.34', 'user 0.06', 'sys 0.02']",,,
2,54,3,"['real 0.35', 'user 0.04', 'sys 0.04']",,,
2,54,4,"['real 0.35', 'user 0.04', 'sys 0.05']",,,
2,54,5,"['real 0.35', 'user 0.03', 'sys 0.05']",,,
2,54,6,"['real 0.34', 'user 0.02', 'sys 0.06']",,,
2,54,7,"['real 0.35', 'user 0.04', 'sys 0.04']",,,
2,54,8,"['real 0.36', 'user 0.03', 'sys 0.06']",,,
2,54,9,"['real 0.34', 'user 0.01', 'sys 0.07']",,,
2,54,10,"['real 0.34', 'user 0.01', 'sys 0.07']",,,
2,55,1,"['real 0.27', 'user 0.04', 'sys 0.05']",10929.0,0.49432499999999996,0.717077
2,55,2,"['real 0.24', 'user 0.06', 'sys 0.02']",8336.0,0.38027900000000003,0.593983
2,55,3,"['real 0.24', 'user 0.05', 'sys 0.03']",10385.0,0.48662000000000005,0.692022
2,55,4,"['real 0.22', 'user 0.04', 'sys 0.04']",8767.0,0.40219299999999997,0.593703
2,55,5,"['real 0.25', 'user 0.03', 'sys 0.05']",11968.0,0.535672,0.748031
2,55,6,"['real 0.26', 'user 0.04', 'sys 0.04']",7311.0,0.34267400000000003,0.569853
2,55,7,"['real 0.27', 'user 0.02', 'sys 0.06']",7312.0,0.34623400000000004,0.568076
2,55,8,"['real 0.24', 'user 0.03', 'sys 0.05']",8240.0,0.376574,0.583979
2,55,9,"['real 0.24', 'user 0.01', 'sys 0.07']",7729.0,0.36316899999999996,0.573893
2,55,10,"['real 0.25', 'user 0.04', 'sys 0.04']",7312.0,0.354256,0.570401
2,56,1,"['real 0.35', 'user 0.03', 'sys 0.04']",71.0,0.029903000000000013,0.35735
2,56,2,"['real 0.36', 'user 0.03', 'sys 0.05']",67.0,0.02965000000000001,0.344536
2,56,3,"['real 0.37', 'user 0.05', 'sys 0.03']",68.0,0.028334000000000026,0.336583
2,56,4,"['real 0.36', 'user 0.04', 'sys 0.05']",67.0,0.027245999999999992,0.351472
2,56,5,"['real 0.36', 'user 0.02', 'sys 0.05']",67.0,0.03468800000000005,0.351046
2,56,6,"['real 0.35', 'user 0.05', 'sys 0.04']",70.0,0.029261000000000037,0.349208
2,56,7,"['real 0.37', 'user 0.02', 'sys 0.07']",71.0,0.025179000000000007,0.358496
2,56,8,"['real 0.35', 'user 0.03', 'sys 0.05']",11.0,0.01977899999999999,0.335607
2,56,9,"['real 0.37', 'user 0.02', 'sys 0.06']",69.0,0.03182999999999997,0.380636
2,56,10,"['real 0.36', 'user 0.03', 'sys 0.06']",68.0,0.027631000000000017,0.364004
2,57,1,"['real 0.36', 'user 0.04', 'sys 0.05']",,,
2,57,2,"['real 0.34', 'user 0.05', 'sys 0.03']",,,
2,57,3,"['real 0.34', 'user 0.04', 'sys 0.04']",,,
2,57,4,"['real 0.34', 'user 0.03', 'sys 0.05']",,,
2,57,5,"['real 0.33', 'user 0.04', 'sys 0.05']",,,
2,57,6,"['real 0.35', 'user 0.04', 'sys 0.05']",,,
2,57,7,"['real 0.36', 'user 0.02', 'sys 0.06']",,,
2,57,8,"['real 0.34', 'user 0.04', 'sys 0.04']",,,
2,57,9,"['real 0.34', 'user 0.04', 'sys 0.05']",,,
2,57,10,"['real 0.33', 'user 0.03', 'sys 0.05']",,,
2,58,1,"['real 0.34', 'user 0.04', 'sys 0.04']",,,
2,58,2,"['real 0.34', 'user 0.04', 'sys 0.04']",,,
2,58,3,"['real 0.36', 'user 0.04', 'sys 0.04']",,,
2,58,4,"['real 0.36', 'user 0.02', 'sys 0.05']",,,
2,58,5,"['real 0.36', 'user 0.04', 'sys 0.04']",,,
2,58,6,"['real 0.36', 'user 0.04', 'sys 0.04']",,,
2,58,7,"['real 0.36', 'user 0.03', 'sys 0.05']",,,
2,58,8,"['real 0.36', 'user 0.04', 'sys 0.04']",,,
2,58,9,"['real 0.36', 'user 0.03', 'sys 0.05']",,,
2,58,10,"['real 0.35', 'user 0.03', 'sys 0.05']",,,
2,59,1,"['real 0.26', 'user 0.04', 'sys 0.04']",25805.0,1.041747,1.26087
2,59,2,"['real 0.25', 'user 0.01', 'sys 0.07']",25804.0,1.0591,1.284752
2,59,3,"['real 0.26', 'user 0.03', 'sys 0.05']",25806.0,1.054256,1.273301
2,59,4,"['real 0.23', 'user 0.03', 'sys 0.05']",10223.0,0.468013,0.669914
2,59,5,"['real 0.24', 'user 0.04', 'sys 0.05']",25804.0,1.053606,1.259091
2,59,6,"['real 0.24', 'user 0.04', 'sys 0.04']",25809.0,1.049587,1.264909
2,59,7,"['real 0.25', 'user 0.02', 'sys 0.06']",25808.0,1.056231,1.267591
2,59,8,"['real 0.24', 'user 0.02', 'sys 0.05']",25805.0,1.0453590000000001,1.259891
2,59,9,"['real 0.26', 'user 0.03', 'sys 0.05']",25806.0,1.0507419999999998,1.268938
2,59,10,"['real 0.27', 'user 0.04', 'sys 0.04']",7727.0,0.36494399999999994,0.605046
2,60,1,"['real 0.36', 'user 0.04', 'sys 0.04']",72.0,0.03224499999999997,0.355195
2,60,2,"['real 0.36', 'user 0.04', 'sys 0.05']",68.0,0.02994199999999997,0.352056
2,60,3,,,,
2,60,4,"['real 0.39', 'user 0.04', 'sys 0.05']",69.0,0.04217199999999999,0.377263
2,60,5,"['real 0.36', 'user 0.04', 'sys 0.04']",68.0,0.03475699999999998,0.364014
2,60,6,"['real 0.34', 'user 0.06', 'sys 0.02']",66.0,0.023890999999999996,0.337179
2,60,7,"['real 0.35', 'user 0.04', 'sys 0.04']",69.0,0.03580099999999997,0.360585
2,60,8,"['real 0.36', 'user 0.05', 'sys 0.04']",68.0,0.027513999999999983,0.350024
2,60,9,"['real 0.35', 'user 0.02', 'sys 0.06']",68.0,0.030978000000000006,0.348604
2,60,10,"['real 0.36', 'user 0.03', 'sys 0.05']",71.0,0.03186300000000003,0.348729
2,61,1,"['real 0.35', 'user 0.04', 'sys 0.04']",,,
2,61,2,"['real 0.36', 'user 0.03', 'sys 0.05']",,,
2,61,3,"['real 0.36', 'user 0.04', 'sys 0.04']",,,
2,61,4,"['real 0.37', 'user 0.04', 'sys 0.04']",,,
2,61,5,"['real 0.34', 'user 0.05', 'sys 0.04']",,,
2,61,6,"['real 0.33', 'user 0.05', 'sys 0.03']",,,
2,61,7,"['real 0.35', 'user 0.04', 'sys 0.05']",,,
2,61,8,"['real 0.34', 'user 0.05', 'sys 0.03']",,,
2,61,9,"['real 0.33', 'user 0.05', 'sys 0.03']",,,
2,61,10,"['real 0.34', 'user 0.04', 'sys 0.04']",,,
2,62,1,"['real 0.35', 'user 0.03', 'sys 0.05']",,,
2,62,2,"['real 0.34', 'user 0.04', 'sys 0.04']",,,
2,62,3,"['real 0.33', 'user 0.05', 'sys 0.03']",,,
2,62,4,"['real 0.37', 'user 0.03', 'sys 0.05']",,,
2,62,5,"['real 0.36', 'user 0.04', 'sys 0.05']",,,
2,62,6,"['real 0.36', 'user 0.04', 'sys 0.04']",,,
2,62,7,"['real 0.35', 'user 0.05', 'sys 0.04']",,,
2,62,8,"['real 0.35', 'user 0.03', 'sys 0.05']",,,
2,62,9,"['real 0.35', 'user 0.05', 'sys 0.04']",,,
2,62,10,"['real 0.36', 'user 0.03', 'sys 0.05']",,,
2,63,1,"['real 0.25', 'user 0.04', 'sys 0.04']",9359.0,0.417658,0.623906
2,63,2,"['real 0.26', 'user 0.03', 'sys 0.05']",6143.0,0.294146,0.51424
2,63,3,"['real 0.25', 'user 0.05', 'sys 0.04']",8896.0,0.40200499999999995,0.62301
2,63,4,"['real 0.25', 'user 0.04', 'sys 0.05']",6769.0,0.32329800000000003,0.545521
2,63,5,"['real 0.23', 'user 0.02', 'sys 0.05']",6767.0,0.32372600000000007,0.526657
2,63,6,"['real 0.23', 'user 0.04', 'sys 0.04']",6288.0,0.304782,0.509536
2,63,7,"['real 0.24', 'user 0.03', 'sys 0.05']",12063.0,0.530168,0.746629
2,63,8,"['real 0.26', 'user 0.04', 'sys 0.05']",6752.0,0.31515499999999996,0.547314
2,63,9,"['real 0.25', 'user 0.04', 'sys 0.05']",7839.0,0.36549600000000004,0.581659
2,63,10,"['real 0.26', 'user 0.03', 'sys 0.06']",25806.0,1.062683,1.284442
2,64,1,"['real 0.36', 'user 0.03', 'sys 0.06']",67.0,0.03165299999999999,0.363818
2,64,2,"['real 0.37', 'user 0.03', 'sys 0.05']",68.0,0.03750999999999999,0.363944
2,64,3,"['real 0.35', 'user 0.04', 'sys 0.04']",67.0,0.028852999999999962,0.349952
2,64,4,"['real 0.36', 'user 0.02', 'sys 0.06']",67.0,0.027426000000000006,0.356386
2,64,5,"['real 0.36', 'user 0.06', 'sys 0.03']",66.0,0.029154999999999986,0.349422
2,64,6,"['real 0.36', 'user 0.03', 'sys 0.05']",73.0,0.032687999999999995,0.350399
2,64,7,"['real 0.32', 'user 0.04', 'sys 0.05']",67.0,0.026704000000000006,0.313402
2,64,8,"['real 0.36', 'user 0.03', 'sys 0.05']",70.0,0.03171199999999996,0.348788
2,64,9,"['real 0.36', 'user 0.04', 'sys 0.05']",71.0,0.02724399999999999,0.363067
2,64,10,"['real 0.36', 'user 0.03', 'sys 0.05']",75.0,0.04814599999999997,0.38069
